{
  "python": {
    "mode": "Python",
    "num_chunks": 2564,
    "total_bytes": 3281920,
    "iterations": 5,
    "times": [
      0.006113667001045542,
      0.005833792998600984,
      0.005031785996834515,
      0.005056858997704694,
      0.00502739000148722
    ],
    "avg_time": 0.005412698999134591,
    "min_time": 0.00502739000148722,
    "max_time": 0.006113667001045542,
    "stdev": 0.0005217413491608036,
    "avg_decode_time": 0.004627220063412096,
    "avg_buffer_time": 0.0004770525978528894,
    "throughput": 473700.8284425099
  },
  "rust": {
    "mode": "Rust",
    "num_chunks": 2564,
    "total_bytes": 3281920,
    "iterations": 5,
    "times": [
      0.0026991080012521707,
      0.0018727819988271222,
      0.001888232996861916,
      0.0018712109995249193,
      0.0018477499979780987
    ],
    "avg_time": 0.0020358167988888455,
    "min_time": 0.0018477499979780987,
    "max_time": 0.0026991080012521707,
    "stdev": 0.00037107301659293257,
    "avg_decode_time": 0.0019043869877350516,
    "throughput": 1259445.349600926
  },
  "base64": {
    "python_avg": 0.004370068800199078,
    "rust_avg": 0.0015280433995940256,
    "speedup": 2.8599114405782777
  },
  "config": {
    "num_chunks": 2564,
    "chunk_size": 1280,
    "iterations": 5
  }
}